,id,date,trip,max_temp,min_temp,avg_temp,precip,weekday,weight,bmi,fat,calories,steps,distance,floors,mins_sedentary,mins_light_active,mins_fairly_active,mins_very_active,calories_activity,mins_asleep,activity_level,steps_level,sleep_cat,weekday2,covid,month2,covid2
1,1,2019-10-01,0,75,51,63,0,Tuesday,140.33,22.82,NA,1697,2941,1.24,14,1319,121,0,0,365,NA,Low Activity,Low Step Count,NA,Tuesday,0,NA,0
2,2,2019-10-02,0,76,53,64.5,0,Wednesday,140.26,22.81,NA,2498,15151,7.36,25,1154,220,16,50,1300,NA,Very High Activity,Very High Step Count,NA,Wednesday,0,NA,0
3,3,2019-10-03,0,84,54,69,0,Thursday,140.2,22.8,NA,2171,10091,4.41,62,691,166,19,36,914,470,Average Activity,High Step Count,Ideal Sleep Time,Thursday,0,NA,0
4,4,2019-10-04,0,83,53,68,0,Friday,140.4,22.84,NA,3098,18416,8.32,37,517,341,52,76,2057,406,Very High Activity,Very High Step Count,Short Sleep Time,Friday,0,NA,0
5,5,2019-10-05,0,82,58,70,0,Saturday,140.3,22.82,NA,3138,9394,4.1,28,575,423,100,20,2131,298,Very High Activity,Average Step Count,Short Sleep Time,Saturday,0,NA,0
6,6,2019-10-06,0,88,58,73,0,Sunday,140.2,22.8,NA,2101,5586,2.44,18,1183,160,0,0,505,NA,Average Activity,Average Step Count,NA,Sunday,0,NA,0
7,7,2019-10-07,0,95,59,77,0,Monday,140.1,22.79,NA,2194,12251,5.35,67,621,140,41,46,953,551,High Activity,High Step Count,Long Sleep Time,Monday,0,NA,0
8,8,2019-10-08,0,92,58,75,0,Tuesday,140,22.77,NA,2366,11477,5.08,25,580,261,25,30,1193,478,High Activity,High Step Count,Ideal Sleep Time,Tuesday,0,NA,0
9,9,2019-10-09,0,86,57,71.5,0,Wednesday,140.28,22.82,NA,2786,13466,6.58,19,606,325,16,51,1675,396,Very High Activity,High Step Count,Short Sleep Time,Wednesday,0,NA,0
10,10,2019-10-10,0,79,59,69,0,Thursday,140.56,22.86,NA,2194,6891,2.99,19,674,197,31,14,924,483,High Activity,Average Step Count,Ideal Sleep Time,Thursday,0,NA,0
11,11,2019-10-11,0,86,57,71.5,0,Friday,140.85,22.91,NA,2306,12957,5.66,74,688,218,21,44,1095,428,High Activity,High Step Count,Ideal Sleep Time,Friday,0,NA,0
12,12,2019-10-12,0,85,57,71,0,Saturday,141.13,22.95,NA,2339,7983,3.49,19,567,346,0,0,1144,487,High Activity,Average Step Count,Ideal Sleep Time,Saturday,0,NA,0
13,13,2019-10-13,0,78,53,65.5,0,Sunday,141.42,23,NA,2416,5194,2.27,11,616,307,36,6,1251,406,High Activity,Average Step Count,Short Sleep Time,Sunday,0,NA,0
14,14,2019-10-14,0,89,54,71.5,0,Monday,141.7,23.05,NA,2167,10625,4.64,62,619,187,23,33,934,537,Average Activity,High Step Count,Ideal Sleep Time,Monday,0,NA,0
15,15,2019-10-15,0,76,53,64.5,0,Tuesday,142,23.1,NA,2705,14383,6.9,26,439,253,16,69,1498,584,Very High Activity,High Step Count,Long Sleep Time,Tuesday,0,NA,0
16,16,2019-10-16,0,90,54,72,0,Wednesday,141.4,23,NA,2400,12598,6.13,13,756,153,26,60,1146,401,High Activity,High Step Count,Short Sleep Time,Wednesday,0,NA,0
17,17,2019-10-17,0,93,59,76,0,Thursday,140.8,22.9,NA,2091,10015,4.33,57,739,134,24,42,817,446,Average Activity,High Step Count,Ideal Sleep Time,Thursday,0,NA,0
18,18,2019-10-18,0,79,54,66.5,0,Friday,140.2,22.8,NA,2635,13558,6.66,30,649,242,27,57,1451,420,Very High Activity,High Step Count,Ideal Sleep Time,Friday,0,NA,0
19,19,2019-10-19,0,80,52,66,0,Saturday,140.23,22.81,NA,2704,10814,4.72,14,720,329,23,2,1277,324,Very High Activity,High Step Count,Short Sleep Time,Saturday,0,NA,0
20,20,2019-10-20,0,81,53,67,0,Sunday,140.26,22.81,NA,2111,5165,2.26,11,743,242,7,9,867,400,Average Activity,Average Step Count,Short Sleep Time,Sunday,0,NA,0
21,21,2019-10-21,0,88,54,71,0,Monday,140.29,22.82,NA,1820,3932,1.72,10,609,177,0,0,538,617,Low Activity,Low Step Count,Long Sleep Time,Monday,0,NA,0
22,22,2019-10-22,0,93,64,78.5,0,Tuesday,140.33,22.82,NA,2058,7015,3.06,17,682,248,0,0,815,438,Average Activity,Average Step Count,Ideal Sleep Time,Tuesday,0,NA,0
23,23,2019-10-23,0,97,61,79,0,Wednesday,140.36,22.83,NA,2471,13888,6.84,24,1171,189,23,57,1250,NA,Very High Activity,High Step Count,NA,Wednesday,0,NA,0
24,24,2019-10-24,0,94,63,78.5,0,Thursday,140.4,22.84,NA,1900,5708,2.49,12,737,179,9,2,615,373,Low Activity,Average Step Count,Short Sleep Time,Thursday,0,NA,0
25,25,2019-10-25,0,97,61,79,0,Friday,140.2,22.8,NA,2653,15152,7.13,33,613,234,30,70,1488,540,Very High Activity,Very High Step Count,Long Sleep Time,Friday,0,NA,0
26,26,2019-10-26,0,97,60,78.5,0,Saturday,140.31,22.82,NA,2222,7047,3.06,16,583,320,7,1,1064,448,High Activity,Average Step Count,Ideal Sleep Time,Saturday,0,NA,0
27,27,2019-10-27,0,91,55,73,0,Sunday,140.42,22.84,NA,2445,8502,3.71,14,728,375,9,0,1325,295,High Activity,Average Step Count,Short Sleep Time,Sunday,0,NA,0
28,28,2019-10-28,0,73,49,61,0,Monday,140.53,22.86,NA,2168,11008,4.81,69,507,182,15,35,932,629,Average Activity,High Step Count,Long Sleep Time,Monday,0,NA,0
29,29,2019-10-29,0,76,48,62,0,Tuesday,140.65,22.88,NA,2596,13572,6.51,27,600,273,23,50,1445,440,Very High Activity,High Step Count,Ideal Sleep Time,Tuesday,0,NA,0
30,30,2019-10-30,0,73,49,61,0,Wednesday,140.76,22.89,NA,2335,12819,5.6,68,604,233,29,33,1149,470,High Activity,High Step Count,Ideal Sleep Time,Wednesday,0,NA,0
31,31,2019-10-31,0,74,42,58,0,Thursday,140.87,22.91,NA,2760,17752,8.03,47,620,327,59,45,1687,345,Very High Activity,Very High Step Count,Short Sleep Time,Thursday,0,NA,0
32,32,2019-11-01,0,77,46,61.5,0,Friday,140.58,22.87,NA,2759,14582,6.37,28,535,557,0,0,1804,327,Very High Activity,High Step Count,Short Sleep Time,Friday,0,NA,0
33,33,2019-11-02,0,85,54,69.5,0,Saturday,140.64,22.87,NA,2900,10893,4.75,23,646,486,30,8,1851,NA,Very High Activity,High Step Count,NA,Saturday,0,NA,0
34,34,2019-11-03,0,82,54,68,0,Sunday,140.69,22.88,NA,1826,2781,1.17,6,1291,149,0,0,449,NA,Low Activity,Low Step Count,NA,Sunday,0,NA,0
35,35,2019-11-04,0,85,49,67,0,Monday,140.75,22.89,NA,2395,14550,6.49,44,1153,192,32,63,1209,NA,High Activity,High Step Count,NA,Monday,0,NA,0
36,36,2019-11-05,0,85,52,68.5,0,Tuesday,140.8,22.9,NA,1805,4506,1.97,14,711,155,9,3,513,500,Low Activity,Low Step Count,Ideal Sleep Time,Tuesday,0,NA,0
37,37,2019-11-06,0,85,51,68,0,Wednesday,140.86,22.91,NA,2261,13592,5.94,39,671,129,23,17,674,526,High Activity,High Step Count,Ideal Sleep Time,Wednesday,0,NA,0
38,38,2019-11-07,0,87,49,68,0,Thursday,140.91,22.92,NA,1952,6912,3.02,37,1273,138,19,10,592,NA,Low Activity,Average Step Count,NA,Thursday,0,NA,0
39,39,2019-11-08,0,92,57,74.5,0,Friday,141,22.93,NA,2076,8758,3.83,26,1202,202,24,12,839,NA,Average Activity,Average Step Count,NA,Friday,0,NA,0
40,40,2019-11-09,0,92,59,75.5,0,Saturday,141.4,23,NA,2957,14269,6.22,29,442,386,48,47,1877,450,Very High Activity,High Step Count,Ideal Sleep Time,Saturday,0,NA,0
41,41,2019-11-10,1,NA,NA,NA,NA,Sunday,141.79,23.06,NA,2341,7241,3.16,19,947,232,25,8,990,NA,High Activity,Average Step Count,NA,Sunday,0,NA,0
42,42,2019-11-11,1,NA,NA,NA,NA,Monday,142.19,23.13,NA,1889,6665,2.91,20,1292,128,9,11,568,NA,Low Activity,Average Step Count,NA,Monday,0,NA,0
43,43,2019-11-12,1,NA,NA,NA,NA,Tuesday,142.59,23.19,NA,1437,NA,NA,0,1440,NA,NA,NA,0,NA,Low Activity,NA,NA,Tuesday,0,NA,0
44,44,2019-11-13,1,NA,NA,NA,NA,Wednesday,142.99,23.26,NA,1471,NA,NA,NA,1184,NA,NA,NA,19,NA,Low Activity,Low Step Count,NA,Wednesday,0,NA,0
45,45,2019-11-14,0,77,50,63.5,0,Thursday,143.39,23.32,NA,1439,NA,NA,NA,1440,NA,NA,NA,NA,NA,Low Activity,Low Step Count,NA,Thursday,0,NA,0
46,46,2019-11-15,1,NA,NA,NA,NA,Friday,143.79,23.39,NA,2186,7135,3.12,11,1023,296,0,0,959,NA,High Activity,Average Step Count,NA,Friday,0,NA,0
47,47,2019-11-16,1,NA,NA,NA,NA,Saturday,144.19,23.45,NA,3120,23184,10.13,67,940,344,88,68,2067,NA,Very High Activity,Very High Step Count,NA,Saturday,0,NA,0
48,48,2019-11-17,1,NA,NA,NA,NA,Sunday,144.59,23.52,NA,2381,9094,3.97,18,677,348,14,2,1209,358,High Activity,Average Step Count,Short Sleep Time,Sunday,0,NA,0
49,49,2019-11-18,0,91,57,74,0,Monday,145,23.58,NA,2234,11710,5.12,69,573,206,24,35,1003,544,High Activity,High Step Count,Long Sleep Time,Monday,0,NA,0
50,50,2019-11-19,0,92,59,75.5,0,Tuesday,144.85,23.56,NA,1916,5460,2.39,17,779,190,0,0,615,404,Low Activity,Average Step Count,Short Sleep Time,Tuesday,0,NA,0
51,51,2019-11-20,0,80,53,66.5,0,Wednesday,144.7,23.53,NA,2175,9800,4.28,22,793,274,8,14,977,297,Average Activity,Average Step Count,Short Sleep Time,Wednesday,0,NA,0
52,52,2019-11-21,0,55,48,51.5,0.17,Thursday,144.55,23.51,NA,2226,10880,4.75,67,632,158,33,33,941,527,High Activity,High Step Count,Ideal Sleep Time,Thursday,0,NA,0
53,53,2019-11-22,0,66,48,57,0,Friday,144.4,23.49,NA,2132,9429,4.12,28,786,223,13,15,879,351,Average Activity,Average Step Count,Short Sleep Time,Friday,0,NA,0
54,54,2019-11-23,0,70,48,59,0,Saturday,142.6,23.19,NA,2060,6198,2.71,12,486,250,0,0,803,592,Average Activity,Average Step Count,Long Sleep Time,Saturday,0,NA,0
55,55,2019-11-24,0,73,46,59.5,0,Sunday,142.73,23.21,NA,2523,13801,6.03,26,1086,287,48,19,1357,NA,Very High Activity,High Step Count,NA,Sunday,0,NA,0
56,56,2019-11-25,0,77,46,61.5,0,Monday,142.86,23.24,NA,1930,6481,2.83,16,551,178,6,3,642,609,Low Activity,Average Step Count,Long Sleep Time,Monday,0,NA,0
57,57,2019-11-26,0,70,47,58.5,0,Tuesday,143,23.26,NA,1917,5678,2.48,13,615,200,0,0,639,557,Low Activity,Average Step Count,Long Sleep Time,Tuesday,0,NA,0
58,58,2019-11-27,1,NA,NA,NA,NA,Wednesday,142.64,23.2,NA,2147,8022,3.49,29,1148,292,0,0,954,NA,Average Activity,Average Step Count,NA,Wednesday,0,NA,0
59,59,2019-11-28,1,NA,NA,NA,NA,Thursday,142.28,23.14,NA,2508,7686,3.36,17,704,435,0,0,1380,NA,Very High Activity,Average Step Count,NA,Thursday,0,NA,0
60,60,2019-11-29,1,NA,NA,NA,NA,Friday,141.92,23.08,NA,2681,16177,7.06,45,793,140,0,0,476,454,Very High Activity,Very High Step Count,Ideal Sleep Time,Friday,0,NA,0
61,61,2019-11-30,1,NA,NA,NA,NA,Saturday,141.56,23.02,NA,3164,14085,6.15,44,277,518,38,30,2213,517,Very High Activity,High Step Count,Ideal Sleep Time,Saturday,0,NA,0
62,62,2019-12-01,1,NA,NA,NA,NA,Sunday,141.72,23.05,NA,2134,7000,3.02,22,682,247,11,0,875,447,Average Activity,Average Step Count,Ideal Sleep Time,Sunday,0,NA,0
63,63,2019-12-02,0,60,37,48.5,0,Monday,141.46,23.01,NA,2323,14498,6.33,87,630,197,30,51,1125,469,High Activity,High Step Count,Ideal Sleep Time,Monday,0,NA,0
64,64,2019-12-03,0,69,50,59.5,0,Tuesday,141.2,22.97,NA,2676,15839,7.47,23,596,288,24,61,1549,405,Very High Activity,Very High Step Count,Short Sleep Time,Tuesday,0,NA,0
65,65,2019-12-04,0,66,51,58.5,0.47,Wednesday,141.17,22.96,NA,2099,6499,2.84,20,548,284,0,0,896,517,Average Activity,Average Step Count,Ideal Sleep Time,Wednesday,0,NA,0
66,66,2019-12-05,0,57,48,52.5,0.65,Thursday,141.15,22.96,NA,1739,3670,1.6,7,1104,131,0,0,409,NA,Low Activity,Low Step Count,NA,Thursday,0,NA,0
67,67,2019-12-06,0,64,49,56.5,0,Friday,141.13,22.95,NA,2490,12324,6.08,24,539,242,22,53,1317,509,Very High Activity,High Step Count,Ideal Sleep Time,Friday,0,NA,0
68,68,2019-12-07,0,65,55,60,M,Saturday,141.11,22.95,NA,2365,8924,3.9,17,911,373,8,0,1248,NA,High Activity,Average Step Count,NA,Saturday,0,NA,0
69,69,2019-12-08,0,65,57,61,M,Sunday,141.09,22.95,NA,2051,6141,2.68,13,736,244,0,0,772,408,Average Activity,Average Step Count,Short Sleep Time,Sunday,0,NA,0
70,70,2019-12-09,0,61,46,53.5,0.25,Monday,141.06,22.94,NA,1864,5149,2.25,17,763,175,0,0,571,439,Low Activity,Average Step Count,Ideal Sleep Time,Monday,0,NA,0
71,71,2019-12-10,0,66,45,55.5,0,Tuesday,141.04,22.94,NA,2399,13850,6.58,44,643,172,25,59,1179,483,High Activity,High Step Count,Ideal Sleep Time,Tuesday,0,NA,0
72,72,2019-12-11,0,67,45,56,0,Wednesday,141.02,22.94,NA,2197,9368,4.03,26,1160,251,11,18,993,NA,High Activity,Average Step Count,NA,Wednesday,0,NA,0
73,73,2019-12-12,0,66,49,57.5,0,Thursday,141,22.93,NA,1935,4849,2.12,12,737,174,12,2,609,469,Low Activity,Low Step Count,Ideal Sleep Time,Thursday,0,NA,0
74,74,2019-12-13,0,70,50,60,0,Friday,141.08,22.95,NA,2707,17483,8.42,54,599,272,31,64,1567,396,Very High Activity,Very High Step Count,Short Sleep Time,Friday,0,NA,0
75,75,2019-12-14,0,73,53,63,0.01,Saturday,141.15,22.96,NA,2396,10952,4.76,22,894,344,15,14,1253,NA,High Activity,High Step Count,NA,Saturday,0,NA,0
76,76,2019-12-15,0,60,45,52.5,0,Sunday,141.23,22.97,NA,1950,5214,2.26,17,646,200,6,4,672,513,Low Activity,Average Step Count,Ideal Sleep Time,Sunday,0,NA,0
77,77,2019-12-16,0,62,41,51.5,0,Monday,141.31,22.98,NA,1875,4752,2.08,10,479,211,0,0,616,522,Low Activity,Low Step Count,Ideal Sleep Time,Monday,0,NA,0
78,78,2019-12-17,0,67,39,53,0,Tuesday,141.4,23,NA,2235,10784,4.71,72,528,222,22,41,1055,738,High Activity,High Step Count,Long Sleep Time,Tuesday,0,NA,0
79,79,2019-12-18,0,65,41,53,0,Wednesday,141.61,23.03,NA,1995,7148,3.12,24,731,165,12,12,693,444,Average Activity,Average Step Count,Ideal Sleep Time,Wednesday,0,NA,0
80,80,2019-12-19,1,NA,NA,NA,NA,Thursday,141.82,23.07,NA,2327,10339,4.74,30,714,272,22,11,1104,376,High Activity,High Step Count,Short Sleep Time,Thursday,0,NA,0
81,81,2019-12-20,1,NA,NA,NA,NA,Friday,142.04,23.1,NA,2260,11272,4.92,24,797,237,5,6,779,368,High Activity,High Step Count,Short Sleep Time,Friday,0,NA,0
82,82,2019-12-21,1,NA,NA,NA,NA,Saturday,142.25,23.14,NA,2078,9559,4.18,24,841,34,0,0,89,476,Average Activity,Average Step Count,Ideal Sleep Time,Saturday,0,NA,0
83,83,2019-12-22,1,NA,NA,NA,NA,Sunday,142.46,23.17,NA,1824,5180,2.26,6,1395,45,0,0,149,NA,Low Activity,Average Step Count,NA,Sunday,0,NA,0
84,84,2019-12-23,1,NA,NA,NA,NA,Monday,142.68,23.21,NA,1963,6505,2.79,7,1148,189,13,8,638,NA,Low Activity,Average Step Count,NA,Monday,0,NA,0
85,85,2019-12-24,1,NA,NA,NA,NA,Tuesday,142.89,23.24,NA,1737,3567,1.56,1,1121,15,0,0,39,NA,Low Activity,Low Step Count,NA,Tuesday,0,NA,0
86,86,2019-12-25,1,NA,NA,NA,NA,Wednesday,143.11,23.28,NA,1728,2225,0.97,0,1219,142,0,0,394,NA,Low Activity,Low Step Count,NA,Wednesday,0,NA,0
87,87,2019-12-26,1,NA,NA,NA,NA,Thursday,143.32,23.31,NA,2316,12398,5.42,6,1150,249,22,19,1090,NA,High Activity,High Step Count,NA,Thursday,0,NA,0
88,88,2019-12-27,1,NA,NA,NA,NA,Friday,143.53,23.35,NA,2347,11992,5.23,8,610,279,29,17,1160,439,High Activity,High Step Count,Ideal Sleep Time,Friday,0,NA,0
89,89,2019-12-28,1,NA,NA,NA,NA,Saturday,143.75,23.38,NA,1971,5771,2.44,3,616,228,0,0,700,529,Low Activity,Average Step Count,Ideal Sleep Time,Saturday,0,NA,0
90,90,2019-12-29,1,NA,NA,NA,NA,Sunday,143.96,23.41,NA,1902,4957,2.17,11,758,194,12,0,619,419,Low Activity,Low Step Count,Short Sleep Time,Sunday,0,NA,0
91,91,2019-12-30,1,NA,NA,NA,NA,Monday,144.18,23.45,NA,2897,18133,8.74,30,793,293,2,44,1422,NA,Very High Activity,Very High Step Count,NA,Monday,0,NA,0
92,92,2019-12-31,0,61,49,55,0,Tuesday,144.4,23.49,NA,3027,16729,7.29,85,369,426,53,40,2040,505,Very High Activity,Very High Step Count,Ideal Sleep Time,Tuesday,0,NA,0
93,93,2020-01-01,0,68,48,58,0,Wednesday,144.4,23.49,NA,3031,10684,4.62,31,680,452,74,6,2009,NA,Very High Activity,High Step Count,NA,Wednesday,0,NA,0
94,94,2020-01-02,0,57,48,52.5,0,Thursday,144.4,23.49,NA,2165,10145,4.43,24,443,248,5,22,951,655,Average Activity,High Step Count,Long Sleep Time,Thursday,0,NA,0
95,95,2020-01-03,0,68,49,58.5,0,Friday,144.4,23.49,NA,2694,15622,7.33,41,598,272,33,58,1555,NA,Very High Activity,Very High Step Count,NA,Friday,0,NA,0
96,96,2020-01-04,0,74,57,65.5,0,Saturday,144.4,23.49,NA,2302,9516,4.16,30,1105,327,8,0,1118,432,High Activity,Average Step Count,Ideal Sleep Time,Saturday,0,NA,0
97,97,2020-01-05,0,70,50,60,0,Sunday,144.4,23.49,NA,2206,11028,4.82,73,568,174,25,41,961,553,High Activity,High Step Count,Long Sleep Time,Sunday,0,NA,0
98,98,2020-01-06,0,70,45,57.5,0,Monday,144.4,23.49,NA,2588,14964,7.03,28,559,195,41,63,1389,502,Very High Activity,High Step Count,Ideal Sleep Time,Monday,0,NA,0
99,99,2020-01-07,0,76,46,61,0,Tuesday,144.4,23.49,NA,2306,11316,5.72,55,733,165,15,49,1031,407,High Activity,High Step Count,Short Sleep Time,Tuesday,0,NA,0
100,100,2020-01-08,0,76,42,59,0,Wednesday,143.4,23.32,NA,2538,13215,6.45,32,651,218,15,65,1330,427,Very High Activity,High Step Count,Ideal Sleep Time,Wednesday,0,NA,0
101,101,2020-01-09,0,63,45,54,0,Thursday,142.4,23.16,NA,2192,10442,4.54,59,792,184,25,34,928,363,High Activity,High Step Count,Short Sleep Time,Thursday,0,NA,0
102,102,2020-01-10,0,50,42,46,0,Friday,142.24,23.13,NA,1926,4610,2.01,14,485,181,8,1,610,677,Low Activity,Low Step Count,Long Sleep Time,Friday,0,NA,0
103,103,2020-01-11,0,65,41,53,0,Saturday,142.08,23.11,NA,2342,10594,4.63,26,375,336,23,6,1216,621,High Activity,High Step Count,Long Sleep Time,Saturday,0,NA,0
104,104,2020-01-12,0,62,43,52.5,0,Sunday,141.92,23.08,NA,2016,7283,3.18,19,645,222,14,1,780,462,Average Activity,Average Step Count,Ideal Sleep Time,Sunday,0,NA,0
105,105,2020-01-13,0,63,43,53,0,Monday,141.76,23.06,NA,2507,13992,6.8,52,585,154,26,80,1285,525,Very High Activity,High Step Count,Ideal Sleep Time,Monday,0,NA,0
106,106,2020-01-14,0,62,42,52,0,Tuesday,141.6,23.03,NA,2705,10333,4.52,22,528,373,65,7,1638,421,Very High Activity,High Step Count,Ideal Sleep Time,Tuesday,0,NA,0
107,107,2020-01-15,0,63,42,52.5,0,Wednesday,141.66,23.04,NA,2029,4986,2.12,14,667,234,10,3,776,468,Average Activity,Low Step Count,Ideal Sleep Time,Wednesday,0,NA,0
108,108,2020-01-16,0,66,42,54,0,Thursday,141.73,23.05,NA,2638,15764,7.79,27,536,153,17,89,1421,582,Very High Activity,Very High Step Count,Long Sleep Time,Thursday,0,NA,0
109,109,2020-01-17,1,NA,NA,NA,NA,Friday,141.8,23.06,NA,2841,16563,7.24,138,586,269,26,61,1417,437,Very High Activity,Very High Step Count,Ideal Sleep Time,Friday,0,NA,0
110,110,2020-01-18,1,NA,NA,NA,NA,Saturday,141.83,23.07,NA,2282,6138,2.68,17,534,251,10,27,1014,524,High Activity,Average Step Count,Ideal Sleep Time,Saturday,0,NA,0
111,111,2020-01-19,1,NA,NA,NA,NA,Sunday,141.86,23.07,NA,2245,5654,2.47,16,594,234,14,18,946,534,High Activity,Average Step Count,Ideal Sleep Time,Sunday,0,NA,0
112,112,2020-01-20,1,NA,NA,NA,NA,Monday,141.9,23.08,NA,2020,6469,2.83,14,584,198,11,9,734,575,Average Activity,Average Step Count,Long Sleep Time,Monday,0,NA,0
113,113,2020-01-21,0,75,42,58.5,0.02,Tuesday,141.93,23.08,NA,2476,13414,6.39,60,655,180,23,64,1265,460,Very High Activity,High Step Count,Ideal Sleep Time,Tuesday,0,NA,0
114,114,2020-01-22,0,60,46,53,0,Wednesday,141.96,23.09,NA,2620,15540,8.07,26,631,153,7,83,1364,477,Very High Activity,Very High Step Count,Ideal Sleep Time,Wednesday,0,NA,0
115,115,2020-01-23,0,63,47,55,0,Thursday,142,23.1,NA,2571,14228,6.65,45,720,160,49,60,1288,400,Very High Activity,High Step Count,Short Sleep Time,Thursday,0,NA,0
116,116,2020-01-24,0,76,51,63.5,0,Friday,141.2,22.97,NA,2673,13500,6.34,36,638,239,26,68,1501,436,Very High Activity,High Step Count,Ideal Sleep Time,Friday,0,NA,0
117,117,2020-01-25,0,74,49,61.5,0,Saturday,141.36,22.99,NA,2463,12419,5.42,23,497,297,32,29,1301,534,High Activity,High Step Count,Ideal Sleep Time,Saturday,0,NA,0
118,118,2020-01-26,0,73,51,62,0,Sunday,141.53,23.02,NA,2043,4354,1.88,18,770,221,15,2,794,383,Average Activity,Low Step Count,Short Sleep Time,Sunday,0,NA,0
119,119,2020-01-27,0,61,45,53,0,Monday,141.69,23.05,NA,2463,15095,6.79,62,500,218,46,60,1308,551,High Activity,Very High Step Count,Long Sleep Time,Monday,0,NA,0
120,120,2020-01-28,0,72,49,60.5,0,Tuesday,141.86,23.07,NA,2561,16044,7.87,70,538,189,25,66,1350,535,Very High Activity,Very High Step Count,Ideal Sleep Time,Tuesday,0,NA,0
121,121,2020-01-29,0,76,45,60.5,0,Wednesday,142.02,23.1,NA,2001,5838,2.55,32,678,182,15,11,735,492,Average Activity,Average Step Count,Ideal Sleep Time,Wednesday,0,NA,0
122,122,2020-01-30,0,74,47,60.5,0,Thursday,142.2,23.13,NA,2951,21963,10.53,87,623,193,31,96,1772,417,Very High Activity,Very High Step Count,Short Sleep Time,Thursday,0,NA,0
123,123,2020-01-31,0,74,49,61.5,0,Friday,141.2,22.97,NA,2870,17937,8.13,49,510,251,43,92,1740,491,Very High Activity,Very High Step Count,Ideal Sleep Time,Friday,0,NA,0
124,124,2020-02-01,0,81,52,66.5,0,Saturday,140.8,22.9,NA,2606,10125,4.42,22,560,409,15,4,1475,409,Very High Activity,High Step Count,Short Sleep Time,Saturday,0,NA,0
125,125,2020-02-02,0,84,51,67.5,0,Sunday,140.89,22.92,NA,2021,5160,2.21,23,725,192,9,3,695,469,Average Activity,Average Step Count,Ideal Sleep Time,Sunday,0,NA,0
126,126,2020-02-03,0,73,47,60,0,Monday,140.99,22.93,NA,1814,4819,2.11,26,528,147,8,3,517,664,Low Activity,Low Step Count,Long Sleep Time,Monday,0,NA,0
127,127,2020-02-04,0,73,41,57,0,Tuesday,141.09,22.95,NA,2443,15089,7.18,78,533,183,24,58,1236,589,High Activity,Very High Step Count,Long Sleep Time,Tuesday,0,NA,0
128,128,2020-02-05,0,60,39,49.5,0,Wednesday,141.2,22.97,NA,2542,14082,6.64,41,662,151,24,79,1311,469,Very High Activity,High Step Count,Ideal Sleep Time,Wednesday,0,NA,0
129,129,2020-02-06,0,83,41,62,0,Thursday,140.6,22.87,NA,2360,13184,5.76,83,635,196,32,60,1148,469,High Activity,High Step Count,Ideal Sleep Time,Thursday,0,NA,0
130,130,2020-02-07,0,66,42,54,0,Friday,140.85,22.91,NA,2703,14973,7.23,76,602,273,35,64,1564,469,Very High Activity,High Step Count,Ideal Sleep Time,Friday,0,NA,0
131,131,2020-02-08,0,70,43,56.5,0,Saturday,141.1,22.95,NA,2439,8321,3.62,21,570,363,28,5,1325,427,High Activity,Average Step Count,Ideal Sleep Time,Saturday,0,NA,0
132,132,2020-02-09,0,72,49,60.5,0,Sunday,141.34,22.99,NA,1962,4792,2.09,20,887,234,4,1,722,289,Low Activity,Low Step Count,Short Sleep Time,Sunday,0,NA,0
133,133,2020-02-10,0,59,45,52,0.96,Monday,141.6,23.03,NA,1887,6574,2.87,40,620,107,14,23,573,623,Low Activity,Average Step Count,Long Sleep Time,Monday,0,NA,0
134,134,2020-02-11,0,73,47,60,0,Tuesday,141,22.93,NA,2391,13262,5.79,54,646,255,31,26,1216,409,High Activity,High Step Count,Short Sleep Time,Tuesday,0,NA,0
135,135,2020-02-12,0,66,46,56,0,Wednesday,140.66,22.88,NA,2649,13019,6.25,46,571,165,29,86,1406,529,Very High Activity,High Step Count,Ideal Sleep Time,Wednesday,0,NA,0
136,136,2020-02-13,0,73,46,59.5,0,Thursday,140.33,22.82,NA,2174,7806,3.41,29,710,252,22,9,951,409,Average Activity,Average Step Count,Short Sleep Time,Thursday,0,NA,0
137,137,2020-02-14,0,66,46,56,0,Friday,140,22.77,NA,2728,15535,7.24,63,522,267,11,56,1486,521,Very High Activity,Very High Step Count,Ideal Sleep Time,Friday,0,NA,0
138,138,2020-02-15,0,69,49,59,0,Saturday,140.03,22.78,NA,2413,14890,6.5,99,624,152,38,71,1157,504,High Activity,High Step Count,Ideal Sleep Time,Saturday,0,NA,0
139,139,2020-02-16,0,71,49,60,0,Sunday,140.07,22.78,NA,2368,14748,6.44,82,552,162,44,57,1127,589,High Activity,High Step Count,Long Sleep Time,Sunday,0,NA,0
140,140,2020-02-17,0,73,52,62.5,0,Monday,140.11,22.79,NA,1884,5960,2.6,27,805,123,12,16,553,469,Low Activity,Average Step Count,Ideal Sleep Time,Monday,0,NA,0
141,141,2020-02-18,0,74,43,58.5,0,Tuesday,140.15,22.8,NA,2446,13284,6.19,40,763,172,24,68,1226,366,High Activity,High Step Count,Short Sleep Time,Tuesday,0,NA,0
142,142,2020-02-19,0,75,48,61.5,0,Wednesday,140.2,22.8,NA,2632,17669,9.22,50,603,116,22,102,1368,529,Very High Activity,Very High Step Count,Ideal Sleep Time,Wednesday,0,NA,0
143,143,2020-02-20,0,72,48,60,0,Thursday,140.29,22.82,NA,2332,10884,4.75,62,677,277,14,17,1126,409,High Activity,High Step Count,Short Sleep Time,Thursday,0,NA,0
144,144,2020-02-21,0,80,54,67,0,Friday,140.39,22.83,NA,2654,14725,6.43,85,747,268,49,54,1502,289,Very High Activity,High Step Count,Short Sleep Time,Friday,0,NA,0
145,145,2020-02-22,0,80,55,67.5,0,Saturday,140.49,22.85,NA,2429,11615,5.07,29,488,338,18,16,1311,505,High Activity,High Step Count,Ideal Sleep Time,Saturday,0,NA,0
146,146,2020-02-23,0,80,51,65.5,0.5,Sunday,140.59,22.87,NA,2093,6903,3.02,19,688,206,30,6,856,452,Average Activity,Average Step Count,Ideal Sleep Time,Sunday,0,NA,0
147,147,2020-02-24,0,69,46,57.5,0,Monday,140.69,22.88,NA,2720,17400,8.12,56,451,217,22,82,1557,589,Very High Activity,Very High Step Count,Long Sleep Time,Monday,0,NA,0
148,148,2020-02-25,0,73,49,61,0,Tuesday,140.79,22.9,NA,2295,12130,5.22,82,718,165,20,59,1046,469,High Activity,High Step Count,Ideal Sleep Time,Tuesday,0,NA,0
149,149,2020-02-26,0,83,49,66,0,Wednesday,140.89,22.92,NA,2831,20466,10.78,71,644,189,2,115,1640,469,Very High Activity,Very High Step Count,Ideal Sleep Time,Wednesday,0,NA,0
150,150,2020-02-27,0,80,51,65.5,0,Thursday,141,22.93,NA,2422,12274,5.79,45,681,155,33,63,1179,469,High Activity,High Step Count,Ideal Sleep Time,Thursday,0,NA,0
151,151,2020-02-28,0,81,57,69,0,Friday,140.8,22.9,NA,2932,19412,9.2,77,642,236,40,94,1796,409,Very High Activity,Very High Step Count,Short Sleep Time,Friday,0,NA,0
152,152,2020-02-29,1,NA,NA,NA,NA,Saturday,141.79,23.06,NA,2784,12960,5.59,39,663,335,51,43,1660,289,Very High Activity,High Step Count,Short Sleep Time,Saturday,0,NA,0
153,153,2020-03-01,1,NA,NA,NA,NA,Sunday,141.13,22.95,NA,2134,9141,3.99,58,662,226,13,21,900,469,Average Activity,Average Step Count,Ideal Sleep Time,Sunday,0,NA,0
154,154,2020-03-02,0,59,44,51.5,0,Monday,141.29,22.98,NA,2509,15731,7.39,72,557,185,37,66,1324,529,Very High Activity,Very High Step Count,Ideal Sleep Time,Monday,0,NA,0
155,155,2020-03-03,0,71,53,62,0,Tuesday,141.46,23.01,NA,2372,12878,5.99,45,721,164,22,65,1144,469,High Activity,High Step Count,Ideal Sleep Time,Tuesday,0,NA,0
156,156,2020-03-04,0,82,48,65,0,Wednesday,141.62,23.03,NA,2387,13729,6.9,56,627,186,20,55,1167,509,High Activity,High Step Count,Ideal Sleep Time,Wednesday,0,NA,0
157,157,2020-03-05,0,77,48,62.5,0,Thursday,141.79,23.06,NA,1945,5595,2.44,6,944,206,8,2,669,289,Low Activity,Average Step Count,Short Sleep Time,Thursday,0,NA,0
158,158,2020-03-06,0,82,52,67,0,Friday,141.95,23.09,NA,2806,19152,10.01,42,486,236,8,95,1633,589,Very High Activity,Very High Step Count,Long Sleep Time,Friday,0,NA,0
159,159,2020-03-07,0,74,52,63,0,Saturday,142.12,23.12,NA,2450,11270,4.87,33,623,386,12,7,1324,409,High Activity,High Step Count,Short Sleep Time,Saturday,0,NA,0
160,160,2020-03-08,0,63,47,55,0,Sunday,142.28,23.14,NA,2993,20409,8.92,41,592,273,49,105,1883,409,Very High Activity,Very High Step Count,Short Sleep Time,Sunday,0,NA,0
161,161,2020-03-09,0,66,46,56,0,Monday,142.45,23.17,NA,2192,11176,4.83,28,633,162,35,37,930,529,High Activity,High Step Count,Ideal Sleep Time,Monday,0,NA,0
162,162,2020-03-10,0,73,50,61.5,0.3,Tuesday,142.61,23.2,NA,1785,4648,2.03,13,1125,104,12,7,440,NA,Low Activity,Low Step Count,NA,Tuesday,0,NA,0
163,163,2020-03-11,0,64,54,59,0.17,Wednesday,142.8,23.23,NA,2618,14345,6.68,40,526,233,36,64,1457,529,Very High Activity,High Step Count,Ideal Sleep Time,Wednesday,0,NA,0
164,164,2020-03-12,0,74,51,62.5,0.03,Thursday,142.63,23.2,NA,1888,5439,2.36,21,724,192,0,0,610,469,Low Activity,Average Step Count,Ideal Sleep Time,Thursday,0,NA,0
165,165,2020-03-13,0,57,51,54,1.75,Friday,143.52,23.34,NA,2507,12389,5.73,35,1135,234,12,59,1341,NA,Very High Activity,High Step Count,NA,Friday,0,NA,0
166,166,2020-03-14,0,57,51,54,0.15,Saturday,142.96,23.25,NA,2512,6269,2.68,17,546,384,32,6,1434,469,Very High Activity,Average Step Count,Ideal Sleep Time,Saturday,1,NA,1
167,167,2020-03-15,0,56,48,52,0.1,Sunday,142.19,23.13,NA,2223,11313,4.85,83,1201,161,43,35,994,NA,High Activity,High Step Count,NA,Sunday,1,NA,1
168,168,2020-03-16,0,61,48,54.5,0.02,Monday,142.96,23.25,NA,1799,4178,1.79,19,678,154,0,0,496,529,Low Activity,Low Step Count,Ideal Sleep Time,Monday,1,NA,1
169,169,2020-03-17,0,57,39,48,0.75,Tuesday,143.74,23.38,NA,2072,7248,3.09,39,656,229,5,11,830,529,Average Activity,Average Step Count,Ideal Sleep Time,Tuesday,1,NA,1
170,170,2020-03-18,0,61,41,51,0,Wednesday,144.51,23.5,NA,2383,12897,6.47,52,725,158,14,59,1141,469,High Activity,High Step Count,Ideal Sleep Time,Wednesday,1,NA,1
171,171,2020-03-19,0,65,41,53,0,Thursday,144.07,23.43,NA,2184,7753,3.3,32,678,244,25,13,975,409,High Activity,Average Step Count,Short Sleep Time,Thursday,1,NA,1
172,172,2020-03-20,0,55,46,50.5,0,Friday,142.41,23.16,NA,2574,17358,7.33,108,584,180,56,88,1419,469,Very High Activity,Very High Step Count,Ideal Sleep Time,Friday,1,NA,1
173,173,2020-03-21,0,68,49,58.5,0,Saturday,142.94,23.25,NA,2753,17032,8.42,69,686,282,11,78,1622,349,Very High Activity,Very High Step Count,Short Sleep Time,Saturday,1,NA,1
174,174,2020-03-22,0,71,48,59.5,0,Sunday,143.46,23.33,NA,2074,6747,2.89,32,576,242,12,9,862,529,Average Activity,Average Step Count,Ideal Sleep Time,Sunday,1,NA,1
175,175,2020-03-23,0,65,51,58,1.07,Monday,143.98,23.42,NA,2087,10274,4.37,72,644,116,27,47,823,532,Average Activity,High Step Count,Ideal Sleep Time,Monday,1,NA,1
176,176,2020-03-24,0,67,48,57.5,0,Tuesday,144.51,23.5,NA,2274,12729,6.45,46,655,146,18,62,1020,529,High Activity,High Step Count,Ideal Sleep Time,Tuesday,1,NA,1
177,177,2020-03-25,0,65,51,58,0,Wednesday,144.07,23.43,NA,2552,15461,7.52,54,600,162,33,73,1379,529,Very High Activity,Very High Step Count,Ideal Sleep Time,Wednesday,1,NA,1
178,178,2020-03-26,0,63,42,52.5,0,Thursday,143.63,23.36,NA,2489,13840,5.89,106,609,223,35,63,1336,469,Very High Activity,High Step Count,Ideal Sleep Time,Thursday,1,NA,1
179,179,2020-03-27,0,66,43,54.5,0,Friday,144.07,23.43,NA,2349,13739,7.05,57,738,136,16,76,1116,469,High Activity,High Step Count,Ideal Sleep Time,Friday,1,NA,1
180,180,2020-03-28,0,68,47,57.5,0,Saturday,144.51,23.5,NA,2374,13111,5.55,87,732,216,16,55,1190,409,High Activity,High Step Count,Short Sleep Time,Saturday,1,NA,1
181,181,2020-03-29,0,68,47,57.5,0,Sunday,144.56,23.51,NA,1836,4555,1.95,26,748,169,10,2,563,464,Low Activity,Low Step Count,Ideal Sleep Time,Sunday,1,NA,1
182,182,2020-03-30,0,77,48,62.5,0,Monday,144.62,23.52,NA,2374,14219,6.01,86,544,181,31,64,1183,529,High Activity,High Step Count,Ideal Sleep Time,Monday,1,NA,1
183,183,2020-03-31,0,79,52,65.5,0,Tuesday,144.67,23.53,NA,2471,14174,7.26,56,684,168,23,75,1279,409,Very High Activity,High Step Count,Short Sleep Time,Tuesday,1,NA,1
184,184,2020-04-01,0,79,55,67,0,Wednesday,144.73,23.54,25.1,2260,13399,5.68,105,567,125,33,64,1024,587,High Activity,High Step Count,Long Sleep Time,Wednesday,1,NA,1
185,185,2020-04-02,0,74,55,64.5,0,Thursday,142.63,23.2,25.05,2157,12561,6.61,50,863,26,0,0,71,529,Average Activity,High Step Count,Ideal Sleep Time,Thursday,1,NA,1
186,186,2020-04-03,0,71,51,61,0,Friday,140.54,22.86,25,1925,15962,8.07,64,1414,26,0,0,97,NA,Low Activity,Very High Step Count,NA,Friday,1,NA,1
187,187,2020-04-04,0,71,52,61.5,0,Saturday,143.08,23.27,24.7,2188,11423,4.86,76,1298,42,8,60,583,NA,High Activity,High Step Count,NA,Saturday,1,NA,1
188,188,2020-04-05,0,69,53,61,0.11,Sunday,143.15,23.28,24.733,1731,3377,1.45,16,776,86,7,1,297,589,Low Activity,Low Step Count,Long Sleep Time,Sunday,1,NA,1
189,189,2020-04-06,0,57,51,54,2.3,Monday,143.22,23.29,24.766,1544,2165,0.9,14,1081,24,7,11,175,289,Low Activity,Low Step Count,Short Sleep Time,Monday,1,NA,1
190,190,2020-04-07,0,63,49,56,0.07,Tuesday,143.3,23.31,24.799,1409,NA,NA,NA,1440,NA,NA,NA,NA,NA,Low Activity,NA,NA,Tuesday,1,NA,1
191,191,2020-04-08,0,58,48,53,0.98,Wednesday,143.41,23.32,24.799,1409,NA,NA,NA,1440,NA,NA,NA,NA,NA,Low Activity,NA,NA,Wednesday,1,NA,1
192,192,2020-04-09,0,54,47,50.5,0.49,Thursday,143.19,23.29,24.75,1408,NA,NA,NA,1440,NA,NA,NA,NA,NA,Low Activity,NA,NA,Thursday,1,NA,1
193,193,2020-04-10,0,61,47,54,0.6,Friday,142.96,23.25,24.7,1407,NA,NA,NA,1440,NA,NA,NA,NA,NA,Low Activity,NA,NA,Friday,1,NA,1
194,194,2020-04-11,0,72,47,59.5,0.01,Saturday,143.21,23.29,24.76,1410,NA,NA,NA,1440,NA,NA,NA,NA,NA,Low Activity,NA,NA,Saturday,1,NA,1
195,195,2020-04-12,0,71,51,61,0.05,Sunday,143.45,23.33,24.82,1411,NA,NA,NA,1440,NA,NA,NA,NA,NA,Low Activity,NA,NA,Sunday,1,NA,1
196,196,2020-04-13,0,60,53,56.5,0.25,Monday,143.69,23.37,24.88,1411,NA,NA,NA,1440,NA,NA,NA,NA,NA,Low Activity,NA,NA,Monday,1,NA,1
197,197,2020-04-14,0,79,50,64.5,0.01,Tuesday,143.93,23.41,24.94,1412,NA,NA,NA,1440,NA,NA,NA,NA,NA,Low Activity,NA,NA,Tuesday,1,NA,1
198,198,2020-04-15,0,82,54,68,0,Wednesday,144.18,23.45,25,1413,NA,NA,NA,1440,NA,NA,NA,NA,NA,Low Activity,NA,NA,Wednesday,1,NA,1
199,199,2020-04-16,0,82,40,61,0,Thursday,143.96,23.41,24.899,1412,NA,NA,NA,1440,NA,NA,NA,NA,NA,Low Activity,NA,NA,Thursday,1,NA,1
200,200,2020-04-17,0,75,55,65,0,Friday,143.08,23.27,24.7,1803,9252,5.35,0,1368,4,30,38,466,NA,Low Activity,Average Step Count,NA,Friday,1,NA,1
201,201,2020-04-18,0,67,55,61,0,Saturday,143.05,23.27,24.749,1407,NA,NA,NA,1440,NA,NA,NA,NA,NA,Low Activity,NA,NA,Saturday,1,NA,1
202,202,2020-04-19,0,70,52,61,0.01,Sunday,143.02,23.26,24.798,1407,NA,NA,NA,1440,NA,NA,NA,NA,NA,Low Activity,NA,NA,Sunday,1,NA,1
203,203,2020-04-20,0,68,54,61,0,Monday,143,23.26,24.847,1407,NA,NA,NA,1440,NA,NA,NA,NA,NA,Low Activity,NA,NA,Monday,1,NA,1
204,204,2020-04-21,0,75,55,65,0,Tuesday,143.96,23.41,24.899,1412,NA,NA,NA,1440,NA,NA,NA,NA,NA,Low Activity,NA,NA,Tuesday,1,NA,1
205,205,2020-04-22,0,75,51,63,0,Wednesday,143.57,23.35,24.8,1768,8549,4.95,0,1372,5,32,31,426,NA,Low Activity,Average Step Count,NA,Wednesday,1,NA,1
206,206,2020-04-23,0,88,59,73.5,0,Thursday,143.19,23.29,24.7,1408,NA,NA,NA,1440,NA,NA,NA,NA,NA,Low Activity,NA,NA,Thursday,1,NA,1
207,207,2020-04-24,0,92,61,76.5,0,Friday,140.1,22.79,24,1394,NA,NA,NA,1440,NA,NA,NA,NA,NA,Low Activity,NA,NA,Friday,1,NA,1
208,208,2020-04-25,0,97,61,79,0,Saturday,140.98,22.93,24.2,1398,NA,NA,NA,1440,NA,NA,NA,NA,NA,Low Activity,NA,NA,Saturday,1,NA,1
209,209,2020-04-26,0,94,61,77.5,0,Sunday,141.31,22.98,24.4,1400,NA,NA,NA,1440,NA,NA,NA,NA,NA,Low Activity,NA,NA,Sunday,1,NA,1
210,210,2020-04-27,0,90,59,74.5,0,Monday,142.63,23.2,24.6,1406,NA,NA,NA,1440,NA,NA,NA,NA,NA,Low Activity,NA,NA,Monday,1,NA,1
211,211,2020-04-28,0,84,60,72,0,Tuesday,140.54,22.86,24.1,1396,NA,NA,NA,1440,NA,NA,NA,NA,NA,Low Activity,NA,NA,Tuesday,1,NA,1
212,212,2020-04-29,0,88,58,73,0,Wednesday,140.98,22.93,24.2,1704,7551,4.37,0,1377,11,30,22,367,NA,Low Activity,Average Step Count,NA,Wednesday,1,NA,1
213,213,2020-04-30,0,84,59,71.5,0,Thursday,140.1,22.79,24,1394,NA,NA,NA,1440,NA,NA,NA,NA,NA,Low Activity,NA,NA,Thursday,1,NA,1
214,214,2020-05-01,0,83,58,70.5,0,Friday,139.33,22.66,23.799,1391,NA,NA,NA,1440,NA,NA,NA,NA,NA,Low Activity,NA,NA,Friday,1,NA,1
215,215,2020-05-02,0,81,54,67.5,0,Saturday,137.89,22.43,23.399,1628,2688,1.15,4,1255,93,7,1,308,NA,Low Activity,Low Step Count,NA,Saturday,1,NA,1
216,216,2020-05-03,0,80,54,67,0,Sunday,140.54,22.86,24.1,2027,8540,3.66,56,702,137,22,37,776,529,Average Activity,Average Step Count,Ideal Sleep Time,Sunday,1,NA,1
217,217,2020-05-04,0,79,55,67,0,Monday,141.09,22.95,24.2,2085,10269,4.4,60,600,143,22,41,861,529,Average Activity,High Step Count,Ideal Sleep Time,Monday,1,NA,1
218,218,2020-05-05,0,86,60,73,0,Tuesday,138.45,22.52,23.5,2223,6879,2.93,20,664,230,18,24,1015,469,High Activity,Average Step Count,Ideal Sleep Time,Tuesday,1,NA,1
219,219,2020-05-06,0,94,63,78.5,0,Wednesday,140.1,22.79,24,2066,6997,2.99,29,576,164,28,28,847,570,Average Activity,Average Step Count,Long Sleep Time,Wednesday,1,NA,1
220,220,2020-05-07,0,95,65,80,0,Thursday,141.86,23.07,24.399,1963,6258,2.68,16,671,140,30,13,709,529,Low Activity,Average Step Count,Ideal Sleep Time,Thursday,1,NA,1
221,221,2020-05-08,0,87,62,74.5,0,Friday,138.78,22.57,23.6,2447,12738,6.69,35,725,192,3,76,1263,409,High Activity,High Step Count,Short Sleep Time,Friday,1,NA,1
222,222,2020-05-09,0,84,60,72,0,Saturday,139.77,22.73,23.899,2716,8781,3.72,15,506,356,34,39,1650,469,Very High Activity,Average Step Count,Ideal Sleep Time,Saturday,1,NA,1
223,223,2020-05-10,0,78,57,67.5,0,Sunday,138.78,22.57,23.6,2418,7532,3.23,11,556,167,41,70,1207,543,High Activity,Average Step Count,Long Sleep Time,Sunday,1,NA,1
224,224,2020-05-11,0,NA,NA,NA,NA,Monday,141.53,23.02,24.299,2059,10442,4.48,68,637,84,26,62,806,574,Average Activity,High Step Count,Long Sleep Time,Monday,1,NA,1
225,225,2020-05-12,0,79,54,66.5,0,Tuesday,138.34,22.5,23.5,2345,14279,7.33,49,576,157,18,83,1155,528,High Activity,High Step Count,Ideal Sleep Time,Tuesday,1,NA,1
226,226,2020-05-13,0,73,53,63,0,Wednesday,138.67,22.55,23.6,2349,12738,6.45,43,695,179,14,67,1166,469,High Activity,High Step Count,Ideal Sleep Time,Wednesday,1,NA,1
227,227,2020-05-14,0,75,53,64,0,Thursday,139.77,22.73,23.899,1943,7978,3.42,38,835,128,24,30,696,409,Low Activity,Average Step Count,Short Sleep Time,Thursday,1,NA,1
228,228,2020-05-15,0,80,55,67.5,0,Friday,137.12,22.3,23.2,2975,18536,8.91,55,439,384,30,79,2012,469,Very High Activity,Very High Step Count,Ideal Sleep Time,Friday,1,NA,1
229,229,2020-05-16,0,85,56,70.5,0,Saturday,137.89,22.43,23.399,1953,5455,2.29,11,618,230,0,0,743,544,Low Activity,Average Step Count,Long Sleep Time,Saturday,1,NA,1
230,230,2020-05-17,0,81,59,70,0,Sunday,139.88,22.75,23.899,2288,11373,4.88,67,617,201,33,41,1103,529,High Activity,High Step Count,Ideal Sleep Time,Sunday,1,NA,1
231,231,2020-05-18,0,70,53,61.5,0.42,Monday,139,22.61,23.7,2173,13119,5.62,39,532,114,45,60,967,598,Average Activity,High Step Count,Long Sleep Time,Monday,1,NA,1
232,232,2020-05-19,0,72,55,63.5,0,Tuesday,137.67,22.39,23.299,2099,10381,4.45,58,665,165,27,43,892,469,Average Activity,High Step Count,Ideal Sleep Time,Tuesday,1,NA,1
233,233,2020-05-20,0,71,51,61,0,Wednesday,138.22,22.48,23.5,2218,12437,6.54,37,649,164,8,61,1018,529,High Activity,High Step Count,Ideal Sleep Time,Wednesday,1,NA,1
234,234,2020-05-21,0,75,51,63,0,Thursday,139.44,22.68,23.799,2145,10156,4.35,45,654,187,28,36,943,469,Average Activity,High Step Count,Ideal Sleep Time,Thursday,1,NA,1
235,235,2020-05-22,0,87,55,71,0,Friday,137.01,22.28,23.2,2568,15343,7.79,49,559,210,18,88,1438,529,Very High Activity,Very High Step Count,Ideal Sleep Time,Friday,1,NA,1
236,236,2020-05-23,0,80,57,68.5,0,Saturday,138.11,22.46,23.5,3305,20098,9.21,77,357,446,82,83,2446,409,Very High Activity,Very High Step Count,Short Sleep Time,Saturday,1,NA,1
237,237,2020-05-24,0,76,54,65,0,Sunday,137.78,22.41,23.399,2136,3906,1.67,8,957,167,23,38,918,NA,Average Activity,Low Step Count,NA,Sunday,1,NA,1
238,238,2020-05-25,0,83,57,70,0,Monday,138.56,22.54,23.599,2731,14223,6.1,13,357,414,35,26,1749,529,Very High Activity,High Step Count,Ideal Sleep Time,Monday,1,NA,1
239,239,2020-05-26,0,88,60,74,0,Tuesday,139.33,22.66,23.799,1750,3637,1.56,8,673,142,10,2,479,510,Low Activity,Low Step Count,Ideal Sleep Time,Tuesday,1,NA,1
240,240,2020-05-27,0,90,62,76,0,Wednesday,137.89,22.43,23.399,2065,10380,4.45,69,663,114,14,60,829,529,Average Activity,High Step Count,Ideal Sleep Time,Wednesday,1,NA,1
241,241,2020-05-28,0,92,58,75,0,Thursday,138.67,22.55,23.6,2122,12365,6.17,43,698,103,18,75,900,469,Average Activity,High Step Count,Ideal Sleep Time,Thursday,1,NA,1
242,242,2020-05-29,0,85,56,70.5,0,Friday,136.46,22.2,23,2460,14993,7.59,43,536,166,42,87,1312,529,High Activity,High Step Count,Ideal Sleep Time,Friday,1,NA,1
243,243,2020-05-30,0,79,59,69,0,Saturday,138,22.45,23.399,2150,10105,4.33,34,577,151,20,50,928,529,Average Activity,High Step Count,Ideal Sleep Time,Saturday,1,NA,1
244,244,2020-05-31,0,83,61,72,0,Sunday,138.89,22.59,23.7,2765,12221,5.18,36,377,320,55,65,1739,589,Very High Activity,High Step Count,Long Sleep Time,Sunday,1,NA,1
245,245,2020-06-01,0,87,62,74.5,0,Monday,137.34,22.34,23.3,4396,15737,6.77,31,475,582,183,132,3806,NA,Very High Activity,Very High Step Count,NA,Monday,1,NA,1
246,246,2020-06-02,0,86,64,75,0,Tuesday,135.8,22.09,22.899,1563,1984,0.85,7,896,61,15,1,243,409,Low Activity,Low Step Count,Short Sleep Time,Tuesday,1,NA,1
247,247,2020-06-03,0,87,65,76,0,Wednesday,137.67,22.39,23.399,2111,10194,4.37,18,630,212,14,37,952,469,Average Activity,High Step Count,Ideal Sleep Time,Wednesday,1,NA,1
248,248,2020-06-04,0,97,60,78.5,0,Thursday,138.56,22.54,23.6,2136,11938,5.11,61,520,113,26,66,927,620,Average Activity,High Step Count,Long Sleep Time,Thursday,1,NA,1
249,249,2020-06-05,0,81,60,70.5,0.03,Friday,135.91,22.11,22.899,2502,15050,7.6,47,598,214,13,84,1379,469,Very High Activity,Very High Step Count,Ideal Sleep Time,Friday,1,NA,1
250,250,2020-06-06,0,70,62,66,0,Saturday,138.56,22.54,23.6,3034,19141,8.21,43,300,397,55,75,2090,529,Very High Activity,Very High Step Count,Ideal Sleep Time,Saturday,1,NA,1
251,251,2020-06-07,0,80,58,69,0,Sunday,137.75,22.4,23.4,2375,8069,3.46,10,686,255,64,15,1282,346,High Activity,Average Step Count,Short Sleep Time,Sunday,1,NA,1
252,252,2020-06-08,0,81,55,68,0.01,Monday,136.94,22.27,23.2,2097,11340,4.86,68,594,149,36,35,915,589,Average Activity,High Step Count,Long Sleep Time,Monday,1,NA,1
253,253,2020-06-09,0,89,62,75.5,0,Tuesday,136.13,22.14,23,2250,12069,6.12,32,650,139,24,66,1071,529,High Activity,High Step Count,Ideal Sleep Time,Tuesday,1,NA,1
254,254,2020-06-10,0,97,63,80,0,Wednesday,137.01,22.28,23.2,2490,13507,5.78,34,618,250,65,38,1414,409,Very High Activity,High Step Count,Short Sleep Time,Wednesday,1,NA,1
255,255,2020-06-11,0,99,64,81.5,0,Thursday,137.12,22.3,23.2,2263,10473,4.45,53,686,187,14,55,1102,409,High Activity,High Step Count,Short Sleep Time,Thursday,1,NA,1
256,256,2020-06-12,1,NA,NA,NA,NA,Friday,135.36,22.02,22.799,2722,13459,6.54,49,517,373,9,61,1685,469,Very High Activity,High Step Count,Ideal Sleep Time,Friday,1,NA,1
257,257,2020-06-13,1,NA,NA,NA,NA,Saturday,135.47,22.03,22.819,3495,25577,12.5,158,365,442,37,152,2627,409,Very High Activity,Very High Step Count,Short Sleep Time,Saturday,1,NA,1
258,258,2020-06-14,1,NA,NA,NA,NA,Sunday,135.58,22.05,22.839,2986,18008,7.72,30,426,415,23,92,2006,469,Very High Activity,Very High Step Count,Ideal Sleep Time,Sunday,1,NA,1
259,259,2020-06-15,1,NA,NA,NA,NA,Monday,135.69,22.07,22.859,2284,8492,3.62,22,826,336,11,1,1157,NA,High Activity,Average Step Count,NA,Monday,1,NA,1
260,260,2020-06-16,0,84,61,72.5,0,Tuesday,135.8,22.09,22.879,2088,11984,5.14,37,518,122,40,48,898,643,Average Activity,High Step Count,Long Sleep Time,Tuesday,1,NA,1
261,261,2020-06-17,0,78,60,69,0,Wednesday,135.91,22.11,22.899,2196,12384,6.36,42,640,127,27,62,995,529,High Activity,High Step Count,Ideal Sleep Time,Wednesday,1,NA,1
262,262,2020-06-18,0,79,59,69,0,Thursday,137.23,22.32,23.2,2184,11807,5.06,64,652,173,35,44,1009,469,High Activity,High Step Count,Ideal Sleep Time,Thursday,1,NA,1
263,263,2020-06-19,0,77,59,68,0,Friday,135.25,22,22.7,2719,17536,8.6,51,396,301,28,75,1688,562,Very High Activity,Very High Step Count,Long Sleep Time,Friday,1,NA,1
264,264,2020-06-20,0,80,59,69.5,0,Saturday,136.68,22.23,23.1,2713,10453,4.48,15,474,516,14,6,1793,409,Very High Activity,High Step Count,Short Sleep Time,Saturday,1,NA,1
265,265,2020-06-21,0,81,60,70.5,0,Sunday,134.92,21.94,22.7,2247,7603,3.25,8,795,260,47,2,1127,349,High Activity,Average Step Count,Short Sleep Time,Sunday,1,NA,1
266,266,2020-06-22,0,83,59,71,0,Monday,134.92,21.94,22.7,1748,5304,2.27,16,456,99,21,12,486,754,Low Activity,Average Step Count,Long Sleep Time,Monday,1,NA,1
267,267,2020-06-23,0,89,59,74,0,Tuesday,134.92,21.94,22.7,2063,10161,5.22,38,716,128,18,55,860,469,Average Activity,High Step Count,Ideal Sleep Time,Tuesday,1,NA,1
268,268,2020-06-24,0,85,61,73,0,Wednesday,136.02,22.12,22.899,2077,10188,4.42,56,718,138,16,49,858,469,Average Activity,High Step Count,Ideal Sleep Time,Wednesday,1,NA,1
269,269,2020-06-25,0,87,60,73.5,0,Thursday,136.79,22.25,23.1,2073,11475,5.89,31,606,113,18,61,845,572,Average Activity,High Step Count,Long Sleep Time,Thursday,1,NA,1
270,270,2020-06-26,0,84,59,71.5,0,Friday,134.48,21.87,22.5,2329,13487,7.01,52,629,142,33,76,1167,529,High Activity,High Step Count,Ideal Sleep Time,Friday,1,NA,1
271,271,2020-06-27,0,87,59,73,0,Saturday,135.91,22.11,22.899,2720,8133,3.44,11,513,449,17,7,1726,409,Very High Activity,Average Step Count,Short Sleep Time,Saturday,1,NA,1
272,272,2020-06-28,0,85,61,73,0,Sunday,135.14,21.98,22.7,2033,4735,2.03,11,726,145,49,13,810,469,Average Activity,Low Step Count,Ideal Sleep Time,Sunday,1,NA,1
273,273,2020-06-29,0,74,60,67,0,Monday,135.58,22.05,22.799,2022,11026,4.73,67,650,91,32,57,806,529,Average Activity,High Step Count,Ideal Sleep Time,Monday,1,NA,1
274,274,2020-06-30,0,78,57,67.5,0,Tuesday,136.02,22.12,22.899,2302,12321,6.25,35,682,153,12,61,1114,529,High Activity,High Step Count,Ideal Sleep Time,Tuesday,1,NA,1
275,275,2020-07-01,0,80,59,69.5,0,Wednesday,136.13,22.14,23,2084,12524,6.21,36,653,105,40,51,870,534,Average Activity,High Step Count,Ideal Sleep Time,Wednesday,1,NA,1
276,276,2020-07-02,0,82,58,70,0,Thursday,134.7,21.91,22.6,2254,12951,5.55,44,608,172,33,60,1083,505,High Activity,High Step Count,Ideal Sleep Time,Thursday,1,NA,1
277,277,2020-07-03,0,85,58,71.5,0,Friday,134.37,21.85,22.5,2288,13356,5.73,63,668,236,28,36,1159,469,High Activity,High Step Count,Ideal Sleep Time,Friday,1,NA,1
278,278,2020-07-04,0,92,61,76.5,0,Saturday,135.36,22.02,22.799,2333,8289,3.55,10,822,358,17,5,1253,NA,High Activity,Average Step Count,NA,Saturday,1,NA,1
279,279,2020-07-05,0,90,61,75.5,0,Sunday,135.12,21.98,22.733,2272,5521,2.36,15,609,275,31,2,1094,465,High Activity,Average Step Count,Ideal Sleep Time,Sunday,1,NA,1
280,280,2020-07-06,0,96,64,80,0,Monday,134.88,21.94,22.667,1734,4146,1.78,12,668,141,0,0,457,536,Low Activity,Low Step Count,Ideal Sleep Time,Monday,1,NA,1
281,281,2020-07-07,0,95,62,78.5,0,Tuesday,134.64,21.9,22.601,2110,10731,4.6,70,617,172,23,42,934,529,Average Activity,High Step Count,Ideal Sleep Time,Tuesday,1,NA,1
282,282,2020-07-08,0,91,60,75.5,0,Wednesday,134.41,21.86,22.535,2127,11417,5.91,35,672,147,14,56,947,501,Average Activity,High Step Count,Ideal Sleep Time,Wednesday,1,NA,1
283,283,2020-07-09,0,90,60,75,0,Thursday,134.17,21.82,22.469,2081,10422,4.46,57,786,93,20,71,868,469,Average Activity,High Step Count,Ideal Sleep Time,Thursday,1,NA,1
284,284,2020-07-10,0,90,61,75.5,0,Friday,133.93,21.78,22.399,2634,14855,7.58,50,661,217,32,107,1562,409,Very High Activity,High Step Count,Short Sleep Time,Friday,1,NA,1
285,285,2020-07-11,0,96,66,81,0,Saturday,133.15,21.66,22.2,2002,4776,2.05,9,651,236,9,1,800,467,Average Activity,Low Step Count,Ideal Sleep Time,Saturday,1,NA,1
286,286,2020-07-12,0,100,67,83.5,0,Sunday,136.46,22.2,23,1813,5049,2.16,9,605,120,14,18,545,617,Low Activity,Average Step Count,Long Sleep Time,Sunday,1,NA,1
287,287,2020-07-13,0,99,66,82.5,0,Monday,135.58,22.05,22.8,1972,10335,4.43,53,678,96,47,34,753,529,Low Activity,High Step Count,Ideal Sleep Time,Monday,1,NA,1
288,288,2020-07-14,0,93,63,78,0,Tuesday,134.7,21.91,22.6,2077,10073,5.33,36,798,105,15,62,864,409,Average Activity,High Step Count,Short Sleep Time,Tuesday,1,NA,1
289,289,2020-07-15,0,88,61,74.5,0,Wednesday,133.82,21.76,22.399,2231,11497,4.98,62,676,125,21,87,1054,469,High Activity,High Step Count,Ideal Sleep Time,Wednesday,1,NA,1
290,290,2020-07-16,0,87,58,72.5,0,Thursday,134.26,21.84,22.5,2079,11957,5.13,68,778,129,21,61,890,409,Average Activity,High Step Count,Short Sleep Time,Thursday,1,NA,1
291,291,2020-07-17,0,88,61,74.5,0,Friday,133.26,21.68,22.2,2671,14847,7.44,43,559,293,33,81,1639,469,Very High Activity,High Step Count,Ideal Sleep Time,Friday,1,NA,1
292,292,2020-07-18,0,90,63,76.5,0,Saturday,132.16,21.5,22,2178,4133,1.77,12,662,263,7,0,952,393,Average Activity,Low Step Count,Short Sleep Time,Saturday,1,NA,1
293,293,2020-07-19,0,89,63,76,0,Sunday,132.71,21.59,22.133,1650,2895,1.24,10,750,126,0,0,377,529,Low Activity,Low Step Count,Ideal Sleep Time,Sunday,1,NA,1
294,294,2020-07-20,0,89,59,74,0,Monday,133.26,21.68,22.266,2091,11428,4.89,35,540,146,48,42,933,594,Average Activity,High Step Count,Long Sleep Time,Monday,1,NA,1
295,295,2020-07-21,0,87,61,74,0,Tuesday,133.82,21.76,22.399,2449,11560,6.26,76,636,184,17,70,1287,479,High Activity,High Step Count,Ideal Sleep Time,Tuesday,1,NA,1
296,296,2020-07-22,0,89,57,73,0,Wednesday,134.04,21.8,22.399,2118,11362,4.87,81,643,119,24,61,916,529,Average Activity,High Step Count,Ideal Sleep Time,Wednesday,1,NA,1
297,297,2020-07-23,0,83,58,70.5,0,Thursday,134.48,21.87,22.5,1671,4053,1.74,18,759,92,12,9,397,511,Low Activity,Low Step Count,Ideal Sleep Time,Thursday,1,NA,1
298,298,2020-07-24,0,84,58,71,0,Friday,134.04,21.8,22.399,2582,15848,7.78,84,712,232,35,91,1520,349,Very High Activity,Very High Step Count,Short Sleep Time,Friday,1,NA,1
299,299,2020-07-25,0,89,61,75,0,Saturday,133.84,21.77,22.35,2491,10962,4.69,39,548,385,14,19,1449,427,Very High Activity,High Step Count,Ideal Sleep Time,Saturday,1,NA,1
300,300,2020-07-26,0,92,62,77,0,Sunday,133.65,21.74,22.301,2080,6470,2.77,12,791,284,0,0,950,349,Average Activity,Average Step Count,Short Sleep Time,Sunday,1,NA,1
301,301,2020-07-27,0,91,58,74.5,0,Monday,133.46,21.71,22.252,2052,10082,4.32,47,687,117,42,42,856,529,Average Activity,High Step Count,Ideal Sleep Time,Monday,1,NA,1
302,302,2020-07-28,0,87,59,73,0,Tuesday,133.26,21.68,22.2,2210,11655,6.2,36,734,143,30,58,1046,409,High Activity,High Step Count,Short Sleep Time,Tuesday,1,NA,1
303,303,2020-07-29,0,88,59,73.5,0,Wednesday,133.15,21.66,22.2,2178,11618,6,37,767,105,18,64,979,469,Average Activity,High Step Count,Ideal Sleep Time,Wednesday,1,NA,1
304,304,2020-07-30,0,89,60,74.5,0,Thursday,133.21,21.67,22.249,2052,10215,4.37,66,880,118,23,56,861,349,Average Activity,High Step Count,Short Sleep Time,Thursday,1,NA,1
305,305,2020-07-31,0,97,67,82,0,Friday,133.26,21.68,22.299,2183,6808,2.9,18,712,242,31,17,1050,409,Average Activity,Average Step Count,Short Sleep Time,Friday,1,NA,1
306,306,2020-08-01,0,100,68,84,0,Saturday,132.93,21.62,22.2,2744,10105,4.33,14,480,358,86,32,1766,436,Very High Activity,High Step Count,Ideal Sleep Time,Saturday,1,NA,1
307,307,2020-08-02,0,97,65,81,0,Sunday,132.74,21.59,22.15,1759,2656,1.14,5,853,156,0,0,503,409,Low Activity,Low Step Count,Short Sleep Time,Sunday,1,NA,1
308,308,2020-08-03,0,93,62,77.5,0,Monday,132.55,21.56,22.1,2051,10716,4.59,35,627,109,32,61,854,589,Average Activity,High Step Count,Long Sleep Time,Monday,1,NA,1
309,309,2020-08-04,0,92,63,77.5,0,Tuesday,132.36,21.53,22.05,2118,11116,4.76,51,648,111,34,69,945,529,Average Activity,High Step Count,Ideal Sleep Time,Tuesday,1,NA,1
310,310,2020-08-05,0,86,63,74.5,0,Wednesday,132.16,21.5,22,1972,6556,2.81,22,642,230,9,10,815,529,Low Activity,Average Step Count,Ideal Sleep Time,Wednesday,1,NA,1
311,311,2020-08-06,0,85,62,73.5,0,Thursday,132.05,21.48,21.899,2174,11258,4.82,78,776,124,35,68,1015,409,Average Activity,High Step Count,Short Sleep Time,Thursday,1,NA,1
312,312,2020-08-07,0,83,58,70.5,0,Friday,131.83,21.44,21.899,3454,26057,11.62,186,306,391,61,158,2616,457,Very High Activity,Very High Step Count,Ideal Sleep Time,Friday,1,NA,1
313,313,2020-08-08,0,90,62,76,0,Saturday,130.4,21.21,21.5,3025,7386,3.17,11,419,555,38,16,2164,354,Very High Activity,Average Step Count,Short Sleep Time,Saturday,1,NA,1
314,314,2020-08-09,0,90,62,76,0,Sunday,131.13,21.33,21.7,2115,4919,2.11,16,860,165,41,30,933,349,Average Activity,Low Step Count,Short Sleep Time,Sunday,1,NA,1
315,315,2020-08-10,0,91,62,76.5,0,Monday,131.87,21.45,21.9,2016,10858,4.66,34,713,110,20,62,820,469,Average Activity,High Step Count,Ideal Sleep Time,Monday,1,NA,1
316,316,2020-08-11,0,91,58,74.5,0,Tuesday,132.6,21.57,22.1,2030,10258,4.4,36,693,139,21,47,847,499,Average Activity,High Step Count,Ideal Sleep Time,Tuesday,1,NA,1
317,317,2020-08-12,0,96,63,79.5,0,Wednesday,132.27,21.51,22,1938,5782,2.46,24,738,143,12,26,707,469,Low Activity,Average Step Count,Ideal Sleep Time,Wednesday,1,NA,1
318,318,2020-08-13,0,97,60,78.5,0,Thursday,131.94,21.46,21.899,2282,10480,4.49,17,631,226,34,46,1154,469,High Activity,High Step Count,Ideal Sleep Time,Thursday,1,NA,1
319,319,2020-08-14,0,97,72,84.5,0,Friday,132.27,21.51,21.979,3201,11892,5.1,27,885,455,41,59,2260,NA,Very High Activity,High Step Count,NA,Friday,1,NA,1
320,320,2020-08-15,0,101,74,87.5,0,Saturday,132.6,21.57,22.059,2970,11173,4.79,34,660,263,63,98,1939,349,Very High Activity,High Step Count,Short Sleep Time,Saturday,1,NA,1
321,321,2020-08-16,0,107,74,90.5,0,Sunday,132.93,21.62,22.139,1932,6701,2.87,22,1264,119,35,22,686,NA,Low Activity,Average Step Count,NA,Sunday,1,NA,1
322,322,2020-08-17,0,107,72,89.5,0,Monday,133.26,21.68,22.219,1999,10222,4.38,32,694,131,32,27,789,469,Average Activity,High Step Count,Ideal Sleep Time,Monday,1,NA,1
323,323,2020-08-18,0,109,74,91.5,0,Tuesday,133.6,21.73,22.299,2182,10903,4.65,19,618,208,50,12,1041,469,Average Activity,High Step Count,Ideal Sleep Time,Tuesday,1,NA,1
324,324,2020-08-19,0,109,71,90,0,Wednesday,132.9,21.62,22.133,2148,10365,4.43,36,711,184,46,27,988,409,Average Activity,High Step Count,Short Sleep Time,Wednesday,1,NA,1
325,325,2020-08-20,0,102,74,88,0,Thursday,132.2,21.5,21.967,2105,11706,5.01,22,809,142,36,51,940,349,Average Activity,High Step Count,Short Sleep Time,Thursday,1,NA,1
326,326,2020-08-21,0,97,73,85,0,Friday,131.5,21.39,21.799,2708,7320,3.13,12,461,386,47,33,1753,469,Very High Activity,Average Step Count,Ideal Sleep Time,Friday,1,NA,1
327,327,2020-08-22,0,98,76,87,0,Saturday,131.75,21.43,21.874,3054,7807,3.35,8,378,474,95,13,2163,429,Very High Activity,Average Step Count,Ideal Sleep Time,Saturday,1,NA,1
328,328,2020-08-23,0,96,74,85,0,Sunday,131.99,21.47,21.949,2030,3183,1.16,6,798,195,19,11,847,409,Average Activity,Low Step Count,Short Sleep Time,Sunday,1,NA,1
329,329,2020-08-24,0,91,71,81,0,Monday,132.24,21.51,22.024,1979,10227,4.38,33,577,135,45,24,791,649,Average Activity,High Step Count,Long Sleep Time,Monday,1,NA,1
330,330,2020-08-25,0,96,70,83,0,Tuesday,132.49,21.55,22.1,2122,12288,5.27,41,707,168,23,44,953,469,Average Activity,High Step Count,Ideal Sleep Time,Tuesday,1,NA,1
331,331,2020-08-26,0,98,70,84,0,Wednesday,131.67,21.42,21.85,2161,11348,4.84,35,736,129,37,60,996,469,Average Activity,High Step Count,Ideal Sleep Time,Wednesday,1,NA,1
332,332,2020-08-27,0,99,71,85,0,Thursday,130.84,21.28,21.6,2367,13187,5.65,64,703,200,31,72,1246,409,High Activity,High Step Count,Short Sleep Time,Thursday,1,NA,1
333,333,2020-08-28,0,96,67,81.5,0,Friday,131.06,21.32,21.7,2770,13350,5.69,38,563,261,83,74,1771,409,Very High Activity,High Step Count,Short Sleep Time,Friday,1,NA,1
334,334,2020-08-29,0,91,60,75.5,0,Saturday,131.23,21.34,21.749,2348,4904,2.1,12,665,263,42,25,1242,409,High Activity,Low Step Count,Short Sleep Time,Saturday,1,NA,1
335,335,2020-08-30,0,88,61,74.5,0,Sunday,131.39,21.37,21.798,1871,5095,2.11,9,541,191,12,10,671,589,Low Activity,Average Step Count,Long Sleep Time,Sunday,1,NA,1
336,336,2020-08-31,0,87,60,73.5,0,Monday,131.56,21.4,21.847,1804,3987,1.69,9,812,193,0,0,584,384,Low Activity,Low Step Count,Short Sleep Time,Monday,1,NA,1
337,337,2020-09-01,0,86,61,73.5,0,Tuesday,131.59,21.4,21.856,1951,10604,4.54,31,671,91,50,38,750,542,Low Activity,High Step Count,Long Sleep Time,Tuesday,1,NA,1
338,338,2020-09-02,0,87,61,74,0,Wednesday,131.72,21.42,21.899,2227,11653,4.99,63,707,170,38,54,1089,409,High Activity,High Step Count,Short Sleep Time,Wednesday,1,NA,1
339,339,2020-09-03,0,91,65,78,0,Thursday,131.17,21.33,21.75,2017,10582,4.54,35,655,139,27,45,833,529,Average Activity,High Step Count,Ideal Sleep Time,Thursday,1,NA,1
340,340,2020-09-04,0,101,68,84.5,0,Friday,130.62,21.24,21.6,1846,5778,2.48,12,762,145,24,14,635,409,Low Activity,Average Step Count,Short Sleep Time,Friday,1,NA,1
341,341,2020-09-05,0,113,75,94,0,Saturday,130.62,21.24,21.6,3031,9422,4.03,15,338,517,67,22,2208,469,Very High Activity,Average Step Count,Ideal Sleep Time,Saturday,1,NA,1
342,342,2020-09-06,0,115,82,98.5,0,Sunday,130.62,21.24,21.6,3066,4502,1.93,13,449,306,141,71,2113,418,Very High Activity,Low Step Count,Short Sleep Time,Sunday,1,NA,1
343,343,2020-09-07,0,113,77,95,0,Monday,130.62,21.24,21.6,1684,3310,1.42,10,714,112,10,2,414,529,Low Activity,Low Step Count,Ideal Sleep Time,Monday,1,NA,1
344,344,2020-09-08,0,91,69,80,0,Tuesday,130.62,21.24,21.6,1603,2770,1.19,6,681,113,0,0,335,567,Low Activity,Low Step Count,Long Sleep Time,Tuesday,1,NA,1
345,345,2020-09-09,0,90,66,78,0,Wednesday,130.62,21.24,21.6,1737,4984,2.13,8,678,76,33,14,493,580,Low Activity,Low Step Count,Long Sleep Time,Wednesday,1,NA,1
346,346,2020-09-10,0,88,65,76.5,0,Thursday,130.62,21.24,21.6,2088,6735,2.84,14,669,193,22,31,933,469,Average Activity,Average Step Count,Ideal Sleep Time,Thursday,1,NA,1
347,347,2020-09-11,0,91,64,77.5,0,Friday,130.71,21.26,21.614,2331,7153,3.06,13,684,286,22,27,1242,409,High Activity,Average Step Count,Short Sleep Time,Friday,1,NA,1
348,348,2020-09-12,0,89,66,77.5,0,Saturday,130.8,21.28,21.628,1982,5871,2.51,14,749,237,5,3,785,409,Average Activity,Average Step Count,Short Sleep Time,Saturday,1,NA,1
349,349,2020-09-13,0,94,63,78.5,0,Sunday,130.9,21.29,21.642,2080,6127,2.62,18,716,211,31,5,932,409,Average Activity,Average Step Count,Short Sleep Time,Sunday,1,NA,1
350,350,2020-09-14,0,96,65,80.5,0,Monday,130.99,21.31,21.656,1776,6361,2.73,12,634,118,36,3,551,564,Low Activity,Average Step Count,Long Sleep Time,Monday,1,NA,1
351,351,2020-09-15,0,95,66,80.5,0,Tuesday,131.08,21.32,21.67,1844,4198,1.8,7,819,163,16,3,611,409,Low Activity,Low Step Count,Short Sleep Time,Tuesday,1,NA,1
352,352,2020-09-16,0,99,67,83,0,Wednesday,131.17,21.34,21.684,1983,5461,2.31,12,803,114,30,45,779,409,Average Activity,Average Step Count,Short Sleep Time,Wednesday,1,NA,1
353,353,2020-09-17,0,100,68,84,0,Thursday,131.28,21.35,21.7,2059,8402,3.54,14,852,220,16,13,887,289,Average Activity,Average Step Count,Short Sleep Time,Thursday,1,NA,1
354,354,2020-09-18,0,101,70,85.5,0,Friday,131.32,21.36,21.719,2063,6537,2.8,17,774,282,0,0,891,349,Average Activity,Average Step Count,Short Sleep Time,Friday,1,NA,1
355,355,2020-09-19,0,99,70,84.5,0,Saturday,131.37,21.37,21.738,1377,NA,NA,NA,1440,NA,NA,NA,NA,NA,Low Activity,NA,NA,Saturday,1,NA,1
356,356,2020-09-20,0,94,62,78,0,Sunday,131.41,21.37,21.757,1355,NA,NA,NA,1440,NA,NA,NA,NA,NA,Low Activity,NA,NA,Sunday,1,NA,1
357,357,2020-09-21,0,90,63,76.5,0,Monday,131.46,21.38,21.776,1988,11114,4.76,27,1271,83,43,43,780,NA,Average Activity,High Step Count,NA,Monday,1,NA,1
358,358,2020-09-22,0,92,62,77,0,Tuesday,131.5,21.39,21.799,2204,10365,4.44,47,773,167,24,66,1064,409,High Activity,High Step Count,Short Sleep Time,Tuesday,1,NA,1
359,359,2020-09-23,0,93,63,78,0,Wednesday,131.58,21.4,21.799,2000,10691,4.58,35,747,93,45,44,800,469,Average Activity,High Step Count,Ideal Sleep Time,Wednesday,1,NA,1
360,360,2020-09-24,1,NA,NA,NA,NA,Thursday,131.67,21.42,21.799,2793,11328,4.85,19,970,335,97,38,1817,NA,Very High Activity,High Step Count,NA,Thursday,1,NA,1
361,361,2020-09-25,1,NA,NA,NA,NA,Friday,131.75,21.43,21.799,2521,8650,3.62,10,794,330,35,31,1433,NA,Very High Activity,Average Step Count,NA,Friday,1,NA,1
362,362,2020-09-26,1,NA,NA,NA,NA,Saturday,131.84,21.44,21.799,2095,7807,3.32,11,762,219,31,17,912,409,Average Activity,Average Step Count,Short Sleep Time,Saturday,1,NA,1
363,363,2020-09-27,1,NA,NA,NA,NA,Sunday,131.92,21.46,21.799,2008,8197,3.48,18,837,216,23,14,819,349,Average Activity,Average Step Count,Short Sleep Time,Sunday,1,NA,1
364,364,2020-09-28,1,NA,NA,NA,NA,Monday,132,21.47,21.799,1810,5214,2.2,3,737,121,10,3,471,529,Low Activity,Average Step Count,Ideal Sleep Time,Monday,1,NA,1
365,365,2020-09-29,0,103,66,84.5,0,Tuesday,132.09,21.48,21.799,1631,3481,1.49,21,1345,73,10,12,338,NA,Low Activity,Low Step Count,NA,Tuesday,1,NA,1
366,366,2020-09-30,0,106,69,87.5,0,Wednesday,132.17,21.5,21.799,1788,5456,2.36,19,786,104,22,17,546,469,Low Activity,Average Step Count,Ideal Sleep Time,Wednesday,1,NA,1